,,,correct,correct,correct,correct,correct,stale,stale,stale,stale,stale,other_trace,other_trace,other_trace,other_trace,other_trace
k,,,0,1,2,4,8,0,1,2,4,8,0,1,2,4,8
qtype,fmt,cond,,,,,,,,,,,,,,,
control,bare,full,,100.0,99.5,100.0,100.0,,0.0,0.0,0.0,0.0,,0.0,0.5,0.0,0.0
control,bare,shuf,,100.0,99.5,100.0,100.0,,0.0,0.0,0.0,0.0,,0.0,0.5,0.0,0.0
control,chained,full,,100.0,100.0,100.0,100.0,,0.0,0.0,0.0,0.0,,0.0,0.0,0.0,0.0
control,chained,shuf,,100.0,100.0,100.0,100.0,,0.0,0.0,0.0,0.0,,0.0,0.0,0.0,0.0
control,none,io,,62.5,51.0,57.5,55.5,,0.0,0.0,0.0,0.0,,9.0,9.5,4.0,6.5
target,bare,full,100.0,99.5,98.5,96.0,96.5,0.0,0.0,0.5,0.5,0.5,0.0,0.5,1.0,3.5,3.0
target,bare,shuf,100.0,58.0,38.0,19.5,14.5,0.0,41.5,61.0,75.0,84.5,0.0,0.0,1.0,5.5,1.0
target,chained,full,100.0,100.0,100.0,100.0,98.5,0.0,0.0,0.0,0.0,0.0,0.0,0.0,0.0,0.0,1.5
target,chained,shuf,100.0,98.0,54.5,25.5,17.0,0.0,2.0,45.5,74.5,83.0,0.0,0.0,0.0,0.0,0.0
target,none,io,95.0,57.5,3.5,2.0,0.5,0.0,19.5,50.5,33.5,50.5,1.0,4.5,4.0,11.5,2.5
