test,cond,kind,n,base,dec,chr,d_c,d_c_lo,d_c_hi,d_c_p,d_b,d_b_lo,d_b_hi,d_b_p,c_b,c_b_lo,c_b_hi,d_c_holm,d_b_holm
memory,S_chrono_dated,chrono,78,76.9231,76.9231,75.641,1.2821,-7.6923,10.2564,0.886,0.0,-8.9744,8.9744,1.0,-1.2821,-12.8205,10.2564,,
memory,S_chrono_nodate,chrono,78,74.359,75.641,80.7692,-5.1282,-14.1026,3.8462,0.2996,1.2821,-5.1282,7.6923,0.8402,6.4103,-1.2821,15.3846,,
memory,S_rev_dated,reordered,78,51.2821,42.3077,62.8205,-20.5128,-30.7692,-11.5385,0.0001,-8.9744,-17.9487,0.0,0.0584,11.5385,0.0,23.0769,0.0019,0.4672
memory,S_rev_dated_header,trained_cue,78,53.8462,46.1538,66.6667,-20.5128,-30.7692,-10.2564,0.0002,-7.6923,-16.6667,1.2821,0.1012,12.8205,1.2821,24.359,,
memory,S_rev_nodate,reordered,78,38.4615,33.3333,58.9744,-25.641,-35.8974,-15.3846,0.0001,-5.1282,-12.8205,1.2821,0.2074,20.5128,10.2564,32.0513,0.0019,
memory,T_newlast_dated,chrono,70,75.7143,85.7143,82.8571,2.8571,-4.2857,10.0,0.5438,10.0,2.8571,18.5714,0.017,7.1429,0.0,14.2857,,
memory,T_newlast_nodate,chrono,70,70.0,78.5714,77.1429,1.4286,-5.7143,8.5714,0.8498,8.5714,1.4286,17.1429,0.0316,7.1429,0.0,14.2857,,
memory,T_oldlast_dated,reordered,70,72.8571,78.5714,67.1429,11.4286,2.8571,21.4286,0.02,5.7143,0.0,12.8571,0.1216,-5.7143,-15.7143,4.2857,0.2,
memory,T_oldlast_dated_header,reordered,70,78.5714,81.4286,71.4286,10.0,1.4286,18.5714,0.0428,2.8571,-2.8571,8.5714,0.4408,-7.1429,-17.1429,2.8571,0.3852,
memory,T_oldlast_nodate,reordered,70,62.8571,58.5714,65.7143,-7.1429,-17.1429,2.8571,0.1934,-4.2857,-12.8571,4.2857,0.3942,2.8571,-7.1429,12.8571,1.0,
logs,newest_first,reordered,450,72.0,85.7778,57.1111,28.6667,24.6667,32.8889,0.0001,13.7778,10.2222,17.3333,0.0001,-14.8889,-19.1111,-10.8889,0.0019,
logs,oldest_first,chrono,450,82.8889,92.8889,88.4444,4.4444,1.5556,7.3333,0.0028,10.0,6.8889,13.1111,0.0001,5.5556,2.4444,8.6667,,
agent,base,chrono,150,92.6667,100.0,96.0,4.0,1.3333,7.3333,0.004,7.3333,3.3333,12.0,0.0001,3.3333,-0.6667,7.3333,,
agent,fresh_mem_end,chrono,150,98.0,100.0,98.6667,1.3333,0.0,3.3333,0.2604,2.0,0.0,4.6667,0.0952,0.6667,0.0,2.0,,
agent,stale_mem_end,reordered,150,81.3333,92.6667,92.0,0.6667,-2.0,4.0,0.8208,11.3333,6.6667,16.6667,0.0001,10.6667,6.0,16.0,1.0,
agent,stale_mem_end_flag,reordered,150,82.6667,92.0,90.6667,1.3333,-2.0,4.6667,0.5422,9.3333,4.6667,14.0,0.0001,8.0,3.3333,12.6667,1.0,
agent,stale_mem_start,reordered,150,90.6667,100.0,82.0,18.0,12.0,24.6667,0.0001,9.3333,5.3333,14.0,0.0001,-8.6667,-14.6667,-2.6667,0.0019,
mab,mh:original,chrono,100,3.0,2.0,1.0,1.0,0.0,3.0,0.728,-1.0,-3.0,0.0,0.7326,-2.0,-5.0,0.0,,
mab,mh:reversed,reordered,100,5.0,5.0,4.0,1.0,-2.0,4.0,0.7886,0.0,-4.0,4.0,1.0,-1.0,-5.0,2.0,1.0,
mab,mh:shuffled,reordered,100,8.0,10.0,9.0,1.0,-4.0,6.0,0.8632,2.0,-3.0,7.0,0.548,1.0,-3.0,5.0,1.0,
mab,sh:original,chrono,100,32.0,34.0,31.0,3.0,-1.0,8.0,0.2424,2.0,-2.0,6.0,0.4458,-1.0,-3.0,0.0,,
mab,sh:reversed,reordered,100,45.0,43.0,41.0,2.0,-6.0,10.0,0.7074,-2.0,-8.0,4.0,0.6284,-4.0,-12.0,4.0,1.0,
mab,sh:shuffled,reordered,100,42.0,45.0,40.0,5.0,-1.0,11.0,0.1632,3.0,-2.0,8.0,0.331,-2.0,-8.0,3.0,1.0,
cot,full,chrono,300,99.6667,100.0,100.0,0.0,0.0,0.0,1.0,0.3333,0.0,1.0,0.7278,0.3333,0.0,1.0,,
cot,rev,reordered,300,0.0,20.0,0.0,20.0,15.6667,24.6667,0.0001,20.0,15.6667,24.6667,0.0001,0.0,0.0,0.0,0.0019,
cot,rev_header,trained_cue,300,0.3333,89.3333,0.0,89.3333,85.6667,92.6667,0.0001,89.0,85.3333,92.3333,0.0001,-0.3333,-1.0,0.0,,
cot,rev_step,reordered,300,6.0,100.0,0.0,100.0,100.0,100.0,0.0001,94.0,91.0,96.6667,0.0001,-6.0,-9.0,-3.3333,0.0019,
cot,shuf,reordered,300,24.3333,33.0,21.6667,11.3333,7.6667,15.3333,0.0001,8.6667,5.3333,12.3333,0.0001,-2.6667,-4.6667,-1.0,0.0019,
cot,shuf_neutral,reordered,300,23.0,31.0,21.6667,9.3333,6.0,13.0,0.0001,8.0,4.6667,11.6667,0.0001,-1.3333,-2.6667,-0.3333,0.0019,
cot,shuf_step,reordered,300,34.6667,98.0,23.3333,74.6667,69.6667,79.6667,0.0001,63.3333,57.6667,69.0,0.0001,-11.3333,-15.0,-8.0,0.0019,
